breast,liver,week,concentration,mTOR,s6k1,4e-bp1,murf1,mafbx,ampk
0,1,3,4,0.597745517,2.145619595,,0.06736511,0.696433509,0.425820656
0,1,6,4,2.139012555,3.123159968,3.608481688,0.604279104,0.718839635,4.617709139
0,1,6,2,0.814463761,2.502743276,2.255202552,0.462606544,0.221244784,2.804607402
1,0,6,4,0.34616,0.6699,2.36228,1.84423,0.35196,3.69519
1,0,6,2,0.41961,0.74127,1.62427,5.72263,0.7141,3.28552
0,1,3,2,0.46266312,1.620297453,2.970132347,0.082120528,0.650832357,0.263671554
1,0,3,4,0.33484078,0.674004985,2.594845624,6.261930997,2.296658792,3.387392031
1,0,3,3,0.741311443,1.28216908,3.437198203,6.56288399,2.568902094,7.486762087
1,0,3,2,0.432713945,0.9257004,3.208117859,3.730435798,0.941812623,5.560573812
